Issued date,Year-week,Year-month,Year-quarter,Year,Account ID,Account type,Billing Name,Billing Address,Billing City,Billing State,Billing Zip,Customer Name,Sales Rep,Product ID,Product,Sales order Number,SO Status,Sales person,So c1,So c2,Sales Order Custom Field 3,So c4,Sales Order Custom Field 5,Sales Order Custom Field 6,Sales Order ID,SO Item ID,SO Item Product Number,Customer id,Product description,Sales Order Item Description,Soitem type,BOL,Carrier name,Company id,Company name,Ship status,SO Number,Status ID,Account id2,Qty fulfilled,Last Unit Price,So ct,Unit price,Total Price,Total cost,Sales Order Line Item
12-29-2025 20:37:35,2025 W01,December 2025,2025 Q4,2025,1191,Retail,Gold Leaf Botanicals,"415 Placerville Dr, Suite G",Placerville,California,95667,Gold Leaf Botanicals,,206,KB-4000,10029,Fulfilled,BenW,,,,,,,25021,75663,KB-4000,1027,Focus MC12,Focus MC12,Credit Return,,,0,,,,0,1191,2,576,1,0,0,-458.37,1
12-29-2025 17:58:12,2025 W01,December 2025,2025 Q4,2025,403,Retail,82nd Ave Tobacco & Pipe,400 SE 82nd Ave,Portland,Oregon,97216,82ND AVE TOBACCO & PIPE,Ben Wallner,11,Shipping,9914,Fulfilled,BenW,,,,,,,24558,75668,Shipping,246,Shipping,Shipping Tracking: 1Z90V7160332320798,Shipping,227582,UPS,1,CWL Brands,Shipped,9914,30,403,1,0,1,0,0,0,5
12-29-2025 17:58:12,2025 W01,December 2025,2025 Q4,2025,403,Retail,82nd Ave Tobacco & Pipe,400 SE 82nd Ave,Portland,Oregon,97216,82ND AVE TOBACCO & PIPE,Ben Wallner,11,Shipping,9914,Fulfilled,BenW,,,,,,,24558,74011,Shipping,246,Shipping,Shipping,Shipping,227582,UPS,1,CWL Brands,Shipped,9914,30,403,1,0,1,16,16,0.05,3
12-29-2025 17:58:12,2025 W01,December 2025,2025 Q4,2025,403,Retail,82nd Ave Tobacco & Pipe,400 SE 82nd Ave,Portland,Oregon,97216,82ND AVE TOBACCO & PIPE,Ben Wallner,193,KB-3001,9914,Fulfilled,BenW,,,,,,,24558,74010,KB-3001,246,Release + Relax 12pk,Release + Relax 12pk,Sale,227582,UPS,1,CWL Brands,Shipped,9914,30,403,2,60,1,54,108,33,2
12-29-2025 17:58:12,2025 W01,December 2025,2025 Q4,2025,403,Retail,82nd Ave Tobacco & Pipe,400 SE 82nd Ave,Portland,Oregon,97216,82ND AVE TOBACCO & PIPE,Ben Wallner,207,KB-3000,9914,Fulfilled,BenW,,,,,,,24558,74009,KB-3000,246,Focus+Flow 12PK,Focus+Flow 12PK,Sale,227582,UPS,1,CWL Brands,Shipped,9914,30,403,8,60,1,60,480,41.96,1
12-29-2025 17:58:12,2025 W01,December 2025,2025 Q4,2025,403,Retail,82nd Ave Tobacco & Pipe,400 SE 82nd Ave,Portland,Oregon,97216,82ND AVE TOBACCO & PIPE,Ben Wallner,74,CC Processing,9914,Fulfilled,BenW,,,,,,,24558,75594,CC Processing,246,Credit Card Processing Fee,Credit Card Processing Fee,Sale,227582,UPS,1,CWL Brands,Shipped,9914,30,403,1,0,1,18.12,18.12,0,4
12-23-2025 17:27:49,2025 W52,December 2025,2025 Q4,2025,517,Retail,Allegria Novelties,2690 Adrian St,Napa,California,94558,Allegria Novelties,,11,Shipping,9912,Fulfilled,BenW,,,,,,,24555,75286,Shipping,359,Shipping,Shipping Tracking: https://www.saia.com/track/details;pro=77121040260,Shipping,226639,R+L,1,CWL Brands,Shipped,9912,30,517,1,0,1,0,0,0,2
12-23-2025 17:27:49,2025 W52,December 2025,2025 Q4,2025,517,Retail,Allegria Novelties,2690 Adrian St,Napa,California,94558,Allegria Novelties,,206,KB-4000,9912,Fulfilled,BenW,,,,,,,24555,74001,KB-4000,359,Focus MC12,Focus MC12,Sale,226639,R+L,1,CWL Brands,Shipped,9912,30,517,56,576,1,612,34272,12834.3,1
12-22-2025 23:38:36,2025 W52,December 2025,2025 Q4,2025,1073,Retail,HighTide Pipe & Tobacco,1958 Pacific Blvd,Albany,Oregon,97321,HighTide Pipe & Tobacco,,11,Shipping,9970,Fulfilled,BenW,,,,,,,24855,75205,Shipping,909,Shipping,Shipping Tracking: 1Z90V7160322921934,Shipping,226547,UPS,1,CWL Brands,Shipped,9970,30,1073,1,0,1,0,0,0,4
12-22-2025 23:38:36,2025 W52,December 2025,2025 Q4,2025,1073,Retail,HighTide Pipe & Tobacco,1958 Pacific Blvd,Albany,Oregon,97321,HighTide Pipe & Tobacco,,11,Shipping,9970,Fulfilled,BenW,,,,,,,24855,75083,Shipping,909,Shipping,Shipping,Shipping,226547,UPS,1,CWL Brands,Shipped,9970,30,1073,1,0,1,10,10,0.05,2
12-22-2025 23:38:36,2025 W52,December 2025,2025 Q4,2025,1073,Retail,HighTide Pipe & Tobacco,1958 Pacific Blvd,Albany,Oregon,97321,HighTide Pipe & Tobacco,,204,KB-3003,9970,Fulfilled,BenW,,,,,,,24855,75082,KB-3003,909,Mango-Tango 12pk,Mango-Tango 12pk,Sale,226547,UPS,1,CWL Brands,Shipped,9970,30,1073,2,72,1,60,120,34.47,1
12-22-2025 23:38:36,2025 W52,December 2025,2025 Q4,2025,1073,Retail,HighTide Pipe & Tobacco,1958 Pacific Blvd,Albany,Oregon,97321,HighTide Pipe & Tobacco,,74,CC Processing,9970,Fulfilled,BenW,,,,,,,24855,75188,CC Processing,909,Credit Card Processing Fee,Credit Card Processing Fee,Sale,226547,UPS,1,CWL Brands,Shipped,9970,30,1073,1,0,1,3.9,3.9,0,3
12-22-2025 21:59:11,2025 W52,December 2025,2025 Q4,2025,676,Retail,SAC Valley Vapes LLC,"6025 Park Dr.
Unit 2018",Rocklin,California,95765,SAC Valley Vapes LLC,Ben Wallner,11,Shipping,9906,Fulfilled,BenW,,,,,,,24477,75218,Shipping,516,Shipping,Shipping Tracking: 1Z90V7160339045985,Shipping,226554,UPS,1,CWL Brands,Shipped,9906,30,676,1,0,1,0,0,0,4
12-22-2025 21:59:11,2025 W52,December 2025,2025 Q4,2025,676,Retail,SAC Valley Vapes LLC,"6025 Park Dr.
Unit 2018",Rocklin,California,95765,SAC Valley Vapes LLC,Ben Wallner,11,Shipping,9906,Fulfilled,BenW,,,,,,,24477,73713,Shipping,516,Shipping,Shipping,Shipping,226554,UPS,1,CWL Brands,Shipped,9906,30,676,1,0,1,68,68,0.05,3
12-22-2025 21:59:11,2025 W52,December 2025,2025 Q4,2025,676,Retail,SAC Valley Vapes LLC,"6025 Park Dr.
Unit 2018",Rocklin,California,95765,SAC Valley Vapes LLC,Ben Wallner,194,KB-4001,9906,Fulfilled,BenW,,,,,,,24477,73711,KB-4001,516,Release + Relax MC (12 boxes),Release + Relax MC (12 boxes),Sale,226554,UPS,1,CWL Brands,Shipped,9906,30,676,1,651,1,525,525,175.19,2
12-22-2025 21:59:11,2025 W52,December 2025,2025 Q4,2025,676,Retail,SAC Valley Vapes LLC,"6025 Park Dr.
Unit 2018",Rocklin,California,95765,SAC Valley Vapes LLC,Ben Wallner,206,KB-4000,9906,Fulfilled,BenW,,,,,,,24477,73710,KB-4000,516,Focus MC12,Focus MC12,Sale,226554,UPS,1,CWL Brands,Shipped,9906,30,676,4,576,1,612,2448,928.25,1
12-19-2025 18:50:44,2025 W51,December 2025,2025 Q4,2025,1191,Retail,Gold Leaf Botanicals,"415 Placerville Dr, Suite G",Placerville,California,95667,Gold Leaf Botanicals,,0,,9951,Fulfilled,BenW,,,,,,,24786,74861,Fullfilment Error,1027,,Use when we need to make a customer whole on their previous order,Discount Amount,225496,UPS,1,CWL Brands,Shipped,9951,30,1191,1,0,1,-2052,-2052,0,3
12-19-2025 18:50:44,2025 W51,December 2025,2025 Q4,2025,1191,Retail,Gold Leaf Botanicals,"415 Placerville Dr, Suite G",Placerville,California,95667,Gold Leaf Botanicals,,11,Shipping,9951,Fulfilled,BenW,,,,,,,24786,74921,Shipping,1027,Shipping,Shipping Tracking: 1Z90V7160335519793,Shipping,225496,UPS,1,CWL Brands,Shipped,9951,30,1191,1,0,1,0,0,0,4
12-19-2025 18:50:44,2025 W51,December 2025,2025 Q4,2025,1191,Retail,Gold Leaf Botanicals,"415 Placerville Dr, Suite G",Placerville,California,95667,Gold Leaf Botanicals,,11,Shipping,9951,Fulfilled,BenW,,,,,,,24786,74860,Shipping,1027,Shipping,Shipping,Shipping,225496,UPS,1,CWL Brands,Shipped,9951,30,1191,1,0,1,0,0,0.05,2
12-19-2025 18:50:44,2025 W51,December 2025,2025 Q4,2025,1191,Retail,Gold Leaf Botanicals,"415 Placerville Dr, Suite G",Placerville,California,95667,Gold Leaf Botanicals,,205,KB-4003,9951,Fulfilled,BenW,,,,,,,24786,74859,KB-4003,1027,Mango-Tango MC 12CT,Mango-Tango MC 12CT,Sale,225496,UPS,1,CWL Brands,Shipped,9951,30,1191,3,864,1,684,2052,524.21,1
12-17-2025 23:02:50,2025 W51,December 2025,2025 Q4,2025,494,Retail,#1 Tobacco,1888 SE Sedgwick Rd Suite #104,Port Orchard,Washington,98366,#1 Tobacco,,11,Shipping,9940,Fulfilled,BenW,,107738199,,,,,24692,74839,Shipping,337,Shipping,Shipping Tracking: 107738199,Shipping,224970,R+L,1,CWL Brands,Shipped,9940,30,494,1,0,1,0,0,0,3
12-17-2025 23:02:50,2025 W51,December 2025,2025 Q4,2025,494,Retail,#1 Tobacco,1888 SE Sedgwick Rd Suite #104,Port Orchard,Washington,98366,#1 Tobacco,,11,Shipping,9940,Fulfilled,BenW,,107738199,,,,,24692,74536,Shipping,337,Shipping,Shipping,Shipping,224970,R+L,1,CWL Brands,Shipped,9940,30,494,1,0,1,0,0,0.05,2
12-17-2025 23:02:50,2025 W51,December 2025,2025 Q4,2025,494,Retail,#1 Tobacco,1888 SE Sedgwick Rd Suite #104,Port Orchard,Washington,98366,#1 Tobacco,,206,KB-4000,9940,Fulfilled,BenW,,107738199,,,,,24692,74535,KB-4000,337,Focus MC12,Focus MC12,Sale,224970,R+L,1,CWL Brands,Shipped,9940,30,494,10,576,1,684,6840,2251.4,1
12-17-2025 15:07:56,2025 W51,December 2025,2025 Q4,2025,1183,Retail,Metro wholesale inc,4210 20th east,fife,Washington,98424,Metro wholesale inc,,0,,9926,Fulfilled,BenW,,107738154,,,,,24635,74284,Paid Shipping,1019,,AE Paid Shipping,Discount Amount,224253,R+L,1,CWL Brands,Shipped,9926,30,1183,1,0,1,-170,-170,0,4
12-17-2025 15:07:56,2025 W51,December 2025,2025 Q4,2025,1183,Retail,Metro wholesale inc,4210 20th east,fife,Washington,98424,Metro wholesale inc,,11,Shipping,9926,Fulfilled,BenW,,107738154,,,,,24635,74373,Shipping,1019,Shipping,Shipping Tracking: 107738154,Shipping,224253,R+L,1,CWL Brands,Shipped,9926,30,1183,1,0,1,0,0,0,5
12-17-2025 15:07:56,2025 W51,December 2025,2025 Q4,2025,1183,Retail,Metro wholesale inc,4210 20th east,fife,Washington,98424,Metro wholesale inc,,11,Shipping,9926,Fulfilled,BenW,,107738154,,,,,24635,74281,Shipping,1019,Shipping,Shipping,Shipping,224253,R+L,1,CWL Brands,Shipped,9926,30,1183,1,0,1,340,340,0.05,3
12-17-2025 15:07:56,2025 W51,December 2025,2025 Q4,2025,1183,Retail,Metro wholesale inc,4210 20th east,fife,Washington,98424,Metro wholesale inc,,194,KB-4001,9926,Fulfilled,BenW,,107738154,,,,,24635,74280,KB-4001,1019,Release + Relax MC (12 boxes),Release + Relax MC (12 boxes),Sale,224253,R+L,1,CWL Brands,Shipped,9926,30,1183,2,651,1,525.6,1051.2,350.39,2
12-17-2025 15:07:56,2025 W51,December 2025,2025 Q4,2025,1183,Retail,Metro wholesale inc,4210 20th east,fife,Washington,98424,Metro wholesale inc,,206,KB-4000,9926,Fulfilled,BenW,,107738154,,,,,24635,74279,KB-4000,1019,Focus MC12,Focus MC12,Sale,224253,R+L,1,CWL Brands,Shipped,9926,30,1183,54,576,1,612,33048,12862.77,1
12-16-2025 23:52:33,2025 W51,December 2025,2025 Q4,2025,562,Retail,The Mighty Quinn Smoke,3372 Santa Rosa Ave,Santa Rosa,California,95407,The Mighty Quinn Smoke,,11,Shipping,9927,Fulfilled,BenW,,,,,,,24636,74358,Shipping,404,Shipping,Shipping Tracking: 1Z90V7160305304188,Shipping,224055,UPS,1,CWL Brands,Shipped,9927,30,562,1,0,1,0,0,0,4
12-16-2025 23:52:33,2025 W51,December 2025,2025 Q4,2025,562,Retail,The Mighty Quinn Smoke,3372 Santa Rosa Ave,Santa Rosa,California,95407,The Mighty Quinn Smoke,,11,Shipping,9927,Fulfilled,BenW,,,,,,,24636,74283,Shipping,404,Shipping,Shipping,Shipping,224055,UPS,1,CWL Brands,Shipped,9927,30,562,1,0,1,0,0,0.05,2
12-16-2025 23:52:33,2025 W51,December 2025,2025 Q4,2025,562,Retail,The Mighty Quinn Smoke,3372 Santa Rosa Ave,Santa Rosa,California,95407,The Mighty Quinn Smoke,,206,KB-4000,9927,Fulfilled,BenW,,,,,,,24636,74282,KB-4000,404,Focus MC12,Focus MC12,Sale,224055,UPS,1,CWL Brands,Shipped,9927,30,562,2,576,1,720,1440,480.69,1
12-16-2025 23:52:33,2025 W51,December 2025,2025 Q4,2025,562,Retail,The Mighty Quinn Smoke,3372 Santa Rosa Ave,Santa Rosa,California,95407,The Mighty Quinn Smoke,,74,CC Processing,9927,Fulfilled,BenW,,,,,,,24636,74297,CC Processing,404,Credit Card Processing Fee,Credit Card Processing Fee,Sale,224055,UPS,1,CWL Brands,Shipped,9927,30,562,1,0,1,43.2,43.2,0,3
12-16-2025 16:04:46,2025 W51,December 2025,2025 Q4,2025,1191,Retail,Gold Leaf Botanicals,"415 Placerville Dr, Suite G",Placerville,California,95667,Gold Leaf Botanicals,,11,Shipping,9920,Fulfilled,BenW,,,,,,,24583,74135,Shipping,1027,Shipping,Shipping Tracking: 1Z90V7160307045777,Shipping,223751,UPS,1,CWL Brands,Shipped,9920,30,1191,1,0,1,0,0,0,4
12-16-2025 16:04:46,2025 W51,December 2025,2025 Q4,2025,1191,Retail,Gold Leaf Botanicals,"415 Placerville Dr, Suite G",Placerville,California,95667,Gold Leaf Botanicals,,11,Shipping,9920,Fulfilled,BenW,,,,,,,24583,74076,Shipping,1027,Shipping,Shipping,Shipping,223751,UPS,1,CWL Brands,Shipped,9920,30,1191,1,0,1,0,0,0.05,2
12-16-2025 16:04:46,2025 W51,December 2025,2025 Q4,2025,1191,Retail,Gold Leaf Botanicals,"415 Placerville Dr, Suite G",Placerville,California,95667,Gold Leaf Botanicals,,206,KB-4000,9920,Fulfilled,BenW,,,,,,,24583,74075,KB-4000,1027,Focus MC12,Focus MC12,Sale,223751,UPS,1,CWL Brands,Shipped,9920,30,1191,2,576,1,720,1440,490.55,1
12-16-2025 16:04:46,2025 W51,December 2025,2025 Q4,2025,1191,Retail,Gold Leaf Botanicals,"415 Placerville Dr, Suite G",Placerville,California,95667,Gold Leaf Botanicals,,74,CC Processing,9920,Fulfilled,BenW,,,,,,,24583,74116,CC Processing,1027,Credit Card Processing Fee,Credit Card Processing Fee,Sale,223751,UPS,1,CWL Brands,Shipped,9920,30,1191,1,0,1,43.2,43.2,0,3
12-15-2025 20:34:38,2025 W51,December 2025,2025 Q4,2025,1894,Retail,SPEEDYS SMOKE AND VAPE SHOP,22812 Palomar Street,Wildomar,California,92595,SPEEDYS SMOKE AND VAPE SHOP,Ben Wallner,11,Shipping,9913,Fulfilled,BenW,,,,,,,24557,74030,Shipping,1659,Shipping,Shipping Tracking: 1Z90V7160316900754,Shipping,223379,UPS,1,CWL Brands,Shipped,9913,30,1894,1,0,1,0,0,0,4
12-15-2025 20:34:38,2025 W51,December 2025,2025 Q4,2025,1894,Retail,SPEEDYS SMOKE AND VAPE SHOP,22812 Palomar Street,Wildomar,California,92595,SPEEDYS SMOKE AND VAPE SHOP,Ben Wallner,11,Shipping,9913,Fulfilled,BenW,,,,,,,24557,74007,Shipping,1659,Shipping,Shipping,Shipping,223379,UPS,1,CWL Brands,Shipped,9913,30,1894,1,0,1,12,12,0.05,1
12-15-2025 20:34:38,2025 W51,December 2025,2025 Q4,2025,1894,Retail,SPEEDYS SMOKE AND VAPE SHOP,22812 Palomar Street,Wildomar,California,92595,SPEEDYS SMOKE AND VAPE SHOP,Ben Wallner,205,KB-4003,9913,Fulfilled,BenW,,,,,,,24557,74008,KB-4003,1659,Mango-Tango MC 12CT,Mango-Tango MC 12CT,Sale,223379,UPS,1,CWL Brands,Shipped,9913,30,1894,1,864,1,720,720,174.74,2
12-15-2025 20:34:38,2025 W51,December 2025,2025 Q4,2025,1894,Retail,SPEEDYS SMOKE AND VAPE SHOP,22812 Palomar Street,Wildomar,California,92595,SPEEDYS SMOKE AND VAPE SHOP,Ben Wallner,74,CC Processing,9913,Fulfilled,BenW,,,,,,,24557,74012,CC Processing,1659,Credit Card Processing Fee,Credit Card Processing Fee,Sale,223379,UPS,1,CWL Brands,Shipped,9913,30,1894,1,0,1,21.96,21.96,0,3
12-11-2025 20:51:45,2025 W50,December 2025,2025 Q4,2025,1972,Retail,U V Distro,2131 W Main St,Medford,Oregon,97501,U V Distro,Ben Wallner,11,Shipping,9825,Fulfilled,BenW,,107738127,,,,,24292,73603,Shipping,1703,Shipping,Shipping Tracking: 107738127,Shipping,222297,R+L,1,CWL Brands,Shipped,9825,30,1972,1,0,1,0,0,0,3
12-11-2025 20:51:45,2025 W50,December 2025,2025 Q4,2025,1972,Retail,U V Distro,2131 W Main St,Medford,Oregon,97501,U V Distro,Ben Wallner,11,Shipping,9825,Fulfilled,BenW,,107738127,,,,,24292,73131,Shipping,1703,Shipping,Shipping,Shipping,222297,R+L,1,CWL Brands,Shipped,9825,30,1972,1,0,1,342,342,0.05,2
12-11-2025 20:51:45,2025 W50,December 2025,2025 Q4,2025,1972,Retail,U V Distro,2131 W Main St,Medford,Oregon,97501,U V Distro,Ben Wallner,206,KB-4000,9825,Fulfilled,BenW,,107738127,,,,,24292,73127,KB-4000,1703,Focus MC12,Focus MC12,Sale,222297,R+L,1,CWL Brands,Shipped,9825,30,1972,56,576,1,612,34272,12888.26,1
12-11-2025 16:19:59,2025 W50,December 2025,2025 Q4,2025,474,Retail,VIP VAPE STORE,826 2nd St.,San Rafael,California,94901,VIP VAPE STORE,,11,Shipping,9888,Fulfilled,BenW,,,,,,,24399,73598,Shipping,317,Shipping,Shipping Tracking: https://www.saia.com/track/details;pro=77120350610,Shipping,221993,R+L,1,CWL Brands,Shipped,9888,30,474,1,0,1,0,0,0,3
12-11-2025 16:19:59,2025 W50,December 2025,2025 Q4,2025,474,Retail,VIP VAPE STORE,826 2nd St.,San Rafael,California,94901,VIP VAPE STORE,,11,Shipping,9888,Fulfilled,BenW,,,,,,,24399,73473,Shipping,317,Shipping,Shipping,Shipping,221993,R+L,1,CWL Brands,Shipped,9888,30,474,1,0,1,0,0,0.05,2
12-11-2025 16:19:59,2025 W50,December 2025,2025 Q4,2025,474,Retail,VIP VAPE STORE,826 2nd St.,San Rafael,California,94901,VIP VAPE STORE,,206,KB-4000,9888,Fulfilled,BenW,,,,,,,24399,73472,KB-4000,317,Focus MC12,Focus MC12,Sale,221993,R+L,1,CWL Brands,Shipped,9888,30,474,12,576,1,648,7776,2761.77,1
12-10-2025 21:28:56,2025 W50,December 2025,2025 Q4,2025,1439,Retail,CK Import and Distributing,6649 se Johnson creek blvd,Portland,Oregon,97206,CK Import and Distributing,Ben Wallner,11,Shipping,9613,Fulfilled,BenW,,,,,,,23651,73459,Shipping,1226,Shipping,Shipping Tracking: 107738064,Shipping,221771,R+L,1,CWL Brands,Shipped,9613,30,1439,1,0,1,0,0,0,3
12-10-2025 21:28:56,2025 W50,December 2025,2025 Q4,2025,1439,Retail,CK Import and Distributing,6649 se Johnson creek blvd,Portland,Oregon,97206,CK Import and Distributing,Ben Wallner,11,Shipping,9613,Fulfilled,BenW,,,,,,,23651,71101,Shipping,1226,Shipping,Shipping,Shipping,221771,R+L,1,CWL Brands,Shipped,9613,30,1439,1,0,1,685,685,0.05,2
12-10-2025 21:28:56,2025 W50,December 2025,2025 Q4,2025,1439,Retail,CK Import and Distributing,6649 se Johnson creek blvd,Portland,Oregon,97206,CK Import and Distributing,Ben Wallner,206,KB-4000,9613,Fulfilled,BenW,,,,,,,23651,71100,KB-4000,1226,Focus MC12,Focus MC12,Sale,221771,R+L,1,CWL Brands,Shipped,9613,30,1439,112,576,1,612,68544,26482.82,1
12-10-2025 18:57:29,2025 W50,December 2025,2025 Q4,2025,350,Retail,Smoke Stop Smoke Spot,411 3rd ave,Chula Vista,California,91910,Smoke Stop Smoke Shop,Ben Wallner,11,Shipping,9880,Fulfilled,BenW,,,,,,,24379,73416,Shipping,217,Shipping,Shipping Tracking: 1Z90V7160316675865,Shipping,221634,UPS,1,CWL Brands,Shipped,9880,30,350,1,0,1,0,0,0,3
12-10-2025 18:57:29,2025 W50,December 2025,2025 Q4,2025,350,Retail,Smoke Stop Smoke Spot,411 3rd ave,Chula Vista,California,91910,Smoke Stop Smoke Shop,Ben Wallner,11,Shipping,9880,Fulfilled,BenW,,,,,,,24379,73415,Shipping,217,Shipping,Shipping,Shipping,221634,UPS,1,CWL Brands,Shipped,9880,30,350,1,0,1,10,10,0.05,2
12-10-2025 18:57:29,2025 W50,December 2025,2025 Q4,2025,350,Retail,Smoke Stop Smoke Spot,411 3rd ave,Chula Vista,California,91910,Smoke Stop Smoke Shop,Ben Wallner,206,KB-4000,9880,Fulfilled,BenW,,,,,,,24379,73414,KB-4000,217,Focus MC12,Focus MC12,Sale,221634,UPS,1,CWL Brands,Shipped,9880,30,350,1,576,1,720,720,236.45,1
12-10-2025 18:26:18,2025 W50,December 2025,2025 Q4,2025,1439,Retail,CK Import and Distributing,6649 SE Johnson Creek Blvd,Portland,Oregon,97206,CK Import and Distributing,Ben Wallner,11,Shipping,9879,Fulfilled,BenW,,,,,,,24378,73528,Shipping,1226,Shipping,Shipping Tracking: 1Z90V7160330318296,Shipping,222020,UPS,1,CWL Brands,Shipped,9879,30,1439,1,0,1,0,0,0,2
12-10-2025 18:26:18,2025 W50,December 2025,2025 Q4,2025,1439,Retail,CK Import and Distributing,6649 SE Johnson Creek Blvd,Portland,Oregon,97206,CK Import and Distributing,Ben Wallner,216,2025 - Gift Boxes,9879,Fulfilled,BenW,,,,,,,24378,73413,2025 - Gift Boxes,1226,X-Mas gift for customers,X-Mas gift for customers,Sale,222020,UPS,1,CWL Brands,Shipped,9879,30,1439,1,0,1,0,0,0,1
12-09-2025 19:15:17,2025 W50,December 2025,2025 Q4,2025,676,Retail,SAC Valley Vapes LLC,"6025 Park Dr.
Unit 2018",Rocklin,California,95765,SAC Valley Vapes LLC,Ben Wallner,11,Shipping,9770,Fulfilled,BenW,,107738037,,,,,24182,73361,Shipping,516,Shipping,Shipping Tracking: 107738037,Shipping,221108,R+L,1,CWL Brands,Shipped,9770,30,676,1,0,1,0,0,0,4
12-09-2025 19:15:17,2025 W50,December 2025,2025 Q4,2025,676,Retail,SAC Valley Vapes LLC,"6025 Park Dr.
Unit 2018",Rocklin,California,95765,SAC Valley Vapes LLC,Ben Wallner,11,Shipping,9770,Fulfilled,BenW,,107738037,,,,,24182,72794,Shipping,516,Shipping,Shipping,Shipping,221108,R+L,1,CWL Brands,Shipped,9770,30,676,1,0,1,62,62,0.05,2
12-09-2025 19:15:17,2025 W50,December 2025,2025 Q4,2025,676,Retail,SAC Valley Vapes LLC,"6025 Park Dr.
Unit 2018",Rocklin,California,95765,SAC Valley Vapes LLC,Ben Wallner,206,KB-4000,9770,Fulfilled,BenW,,107738037,,,,,24182,72793,KB-4000,516,Focus MC12,Focus MC12,Sale,221108,R+L,1,CWL Brands,Shipped,9770,30,676,5,576,1,612,3060,1091.98,1
12-09-2025 19:15:17,2025 W50,December 2025,2025 Q4,2025,676,Retail,SAC Valley Vapes LLC,"6025 Park Dr.
Unit 2018",Rocklin,California,95765,SAC Valley Vapes LLC,Ben Wallner,207,KB-3000,9770,Fulfilled,BenW,,107738037,,,,,24182,72795,KB-3000,516,Focus+Flow 12PK,Focus+Flow 12PK,Sale,221108,R+L,1,CWL Brands,Shipped,9770,30,676,1,60,1,0,0,0,3
12-09-2025 19:13:06,2025 W50,December 2025,2025 Q4,2025,1254,Retail,Hotbox Smoke Shop | Bellevue,3800 Factoria Blvd SE,Bellevue,Washington,98006,Hotbox Smoke Shop | Bellevue,,11,Shipping,9773,Fulfilled,BenW,,,,,,,24192,73275,Shipping,1090,Shipping,Shipping Tracking: 1Z90V7160328404214,Shipping,221092,UPS,1,CWL Brands,Shipped,9773,30,1254,1,0,1,0,0,0,4
12-09-2025 19:13:06,2025 W50,December 2025,2025 Q4,2025,1254,Retail,Hotbox Smoke Shop | Bellevue,3800 Factoria Blvd SE,Bellevue,Washington,98006,Hotbox Smoke Shop | Bellevue,,11,Shipping,9773,Fulfilled,BenW,,,,,,,24192,72836,Shipping,1090,Shipping,Shipping,Shipping,221092,UPS,1,CWL Brands,Shipped,9773,30,1254,1,0,1,0,0,0.05,2
12-09-2025 19:13:06,2025 W50,December 2025,2025 Q4,2025,1254,Retail,Hotbox Smoke Shop | Bellevue,3800 Factoria Blvd SE,Bellevue,Washington,98006,Hotbox Smoke Shop | Bellevue,,206,KB-4000,9773,Fulfilled,BenW,,,,,,,24192,72835,KB-4000,1090,Focus MC12,Focus MC12,Sale,221092,UPS,1,CWL Brands,Shipped,9773,30,1254,2,576,1,720,1440,439.11,1
12-09-2025 19:13:06,2025 W50,December 2025,2025 Q4,2025,1254,Retail,Hotbox Smoke Shop | Bellevue,3800 Factoria Blvd SE,Bellevue,Washington,98006,Hotbox Smoke Shop | Bellevue,,74,CC Processing,9773,Fulfilled,BenW,,,,,,,24192,73240,CC Processing,1090,Credit Card Processing Fee,Credit Card Processing Fee,Sale,221092,UPS,1,CWL Brands,Shipped,9773,30,1254,1,0,1,43.2,43.2,0,3
12-09-2025 18:53:46,2025 W50,December 2025,2025 Q4,2025,676,Retail,SAC Valley Vapes LLC,"6025 Park Dr.
Unit 2018",Rocklin,California,95765,SAC Valley Vapes LLC,Ben Wallner,11,Shipping,9853,Fulfilled,BenW,,,,,,,24334,73298,Shipping,516,Shipping,Shipping Tracking: 1Z90V7160331632328,Shipping,221139,LTL Freight Carrier,1,CWL Brands,Shipped,9853,30,676,1,0,1,0,0,0,2
12-09-2025 18:53:46,2025 W50,December 2025,2025 Q4,2025,676,Retail,SAC Valley Vapes LLC,"6025 Park Dr.
Unit 2018",Rocklin,California,95765,SAC Valley Vapes LLC,Ben Wallner,216,2025 - Gift Boxes,9853,Fulfilled,BenW,,,,,,,24334,73235,2025 - Gift Boxes,516,X-Mas gift for customers,X-Mas gift for customers,Sale,221139,LTL Freight Carrier,1,CWL Brands,Shipped,9853,30,676,1,0,1,0,0,0,1
12-09-2025 18:52:07,2025 W50,December 2025,2025 Q4,2025,1076,Retail,woodland distributors,1233 e beamer st Suite E1,woodland,California,95776,woodland distributors,Ben Wallner,11,Shipping,9852,Fulfilled,BenW,,,,,,,24333,73284,Shipping,912,Shipping,Shipping Tracking: 1Z90V7160309191730,Shipping,221269,UPS,1,CWL Brands,Shipped,9852,30,1076,1,0,1,0,0,0,2
12-09-2025 18:52:07,2025 W50,December 2025,2025 Q4,2025,1076,Retail,woodland distributors,1233 e beamer st Suite E1,woodland,California,95776,woodland distributors,Ben Wallner,216,2025 - Gift Boxes,9852,Fulfilled,BenW,,,,,,,24333,73234,2025 - Gift Boxes,912,X-Mas gift for customers,X-Mas gift for customers,Sale,221269,UPS,1,CWL Brands,Shipped,9852,30,1076,1,0,1,0,0,0,1
12-09-2025 18:50:36,2025 W50,December 2025,2025 Q4,2025,276,Retail,Top Notch Smoke Shop,6761 Stanford Ranch Rd,Rocklin,California,95677,Top Notch Smoke Shop,Ben Wallner,11,Shipping,9851,Fulfilled,BenW,,,,,,,24332,73286,Shipping,144,Shipping,Shipping Tracking: 1Z90V7160305597149,Shipping,221252,UPS,1,CWL Brands,Shipped,9851,30,276,1,0,1,0,0,0,2
12-09-2025 18:50:36,2025 W50,December 2025,2025 Q4,2025,276,Retail,Top Notch Smoke Shop,6761 Stanford Ranch Rd,Rocklin,California,95677,Top Notch Smoke Shop,Ben Wallner,216,2025 - Gift Boxes,9851,Fulfilled,BenW,,,,,,,24332,73233,2025 - Gift Boxes,144,X-Mas gift for customers,X-Mas gift for customers,Sale,221252,UPS,1,CWL Brands,Shipped,9851,30,276,1,0,1,0,0,0,1
12-09-2025 18:47:50,2025 W50,December 2025,2025 Q4,2025,1341,Retail,Oregon Distro,10475 SE Division St,Portland,Oregon,97265,RRR Wholesale,Ben Wallner,11,Shipping,9850,Fulfilled,BenW,,,,,,,24331,73287,Shipping,1177,Shipping,Shipping Tracking: 1Z90V7160337095452,Shipping,221245,UPS,1,CWL Brands,Shipped,9850,30,1341,1,0,1,0,0,0,2
12-09-2025 18:47:50,2025 W50,December 2025,2025 Q4,2025,1341,Retail,Oregon Distro,10475 SE Division St,Portland,Oregon,97265,RRR Wholesale,Ben Wallner,216,2025 - Gift Boxes,9850,Fulfilled,BenW,,,,,,,24331,73232,2025 - Gift Boxes,1177,X-Mas gift for customers,X-Mas gift for customers,Sale,221245,UPS,1,CWL Brands,Shipped,9850,30,1341,1,0,1,0,0,0,1
12-09-2025 18:45:52,2025 W50,December 2025,2025 Q4,2025,504,Retail,Raw Distribution,1609 Abram Ct,San Leandro,California,94577,Raw Distribution,,11,Shipping,9849,Fulfilled,BenW,,,,,,,24330,73288,Shipping,347,Shipping,Shipping Tracking: 1Z90V7160324016267,Shipping,221238,UPS,1,CWL Brands,Shipped,9849,30,504,1,0,1,0,0,0,2
12-09-2025 18:45:52,2025 W50,December 2025,2025 Q4,2025,504,Retail,Raw Distribution,1609 Abram Ct,San Leandro,California,94577,Raw Distribution,,216,2025 - Gift Boxes,9849,Fulfilled,BenW,,,,,,,24330,73231,2025 - Gift Boxes,347,X-Mas gift for customers,X-Mas gift for customers,Sale,221238,UPS,1,CWL Brands,Shipped,9849,30,504,1,0,1,0,0,0,1
12-09-2025 18:43:50,2025 W50,December 2025,2025 Q4,2025,1505,Retail,Northwest Importer - mountlake,21707 66th Ave W,Mountlake terrece,Washington,98043,Northwest Importer - mountlake,,11,Shipping,9848,Fulfilled,BenW,,,,,,,24329,73289,Shipping,1291,Shipping,Shipping Tracking: 1Z90V7160314979755,Shipping,221221,UPS,1,CWL Brands,Shipped,9848,30,1505,1,0,1,0,0,0,2
12-09-2025 18:43:50,2025 W50,December 2025,2025 Q4,2025,1505,Retail,Northwest Importer - mountlake,21707 66th Ave W,Mountlake terrece,Washington,98043,Northwest Importer - mountlake,,216,2025 - Gift Boxes,9848,Fulfilled,BenW,,,,,,,24329,73230,2025 - Gift Boxes,1291,X-Mas gift for customers,X-Mas gift for customers,Sale,221221,UPS,1,CWL Brands,Shipped,9848,30,1505,1,0,1,0,0,0,1
12-09-2025 18:36:44,2025 W50,December 2025,2025 Q4,2025,1183,Retail,Metro wholesale inc,4210 20th east,fife,Washington,98424,Metro wholesale inc,,11,Shipping,9847,Fulfilled,BenW,,,,,,,24328,73290,Shipping,1019,Shipping,Shipping Tracking: 1Z90V7160322244274,Shipping,221214,UPS,1,CWL Brands,Shipped,9847,30,1183,1,0,1,0,0,0,2
12-09-2025 18:36:44,2025 W50,December 2025,2025 Q4,2025,1183,Retail,Metro wholesale inc,4210 20th east,fife,Washington,98424,Metro wholesale inc,,216,2025 - Gift Boxes,9847,Fulfilled,BenW,,,,,,,24328,73229,2025 - Gift Boxes,1019,X-Mas gift for customers,X-Mas gift for customers,Sale,221214,UPS,1,CWL Brands,Shipped,9847,30,1183,1,0,1,0,0,0,1
12-09-2025 18:35:04,2025 W50,December 2025,2025 Q4,2025,803,Retail,IDNTFR LLC,7509 S 5th Street unit 119,Ridgefield,Washington,98642,IDNTFR LLC,Ben Wallner,11,Shipping,9846,Fulfilled,BenW,,,,,,,24327,73291,Shipping,641,Shipping,Shipping Tracking: 1Z90V7160335843487,Shipping,221207,UPS,1,CWL Brands,Shipped,9846,30,803,1,0,1,0,0,0,2
12-09-2025 18:35:04,2025 W50,December 2025,2025 Q4,2025,803,Retail,IDNTFR LLC,7509 S 5th Street unit 119,Ridgefield,Washington,98642,IDNTFR LLC,Ben Wallner,216,2025 - Gift Boxes,9846,Fulfilled,BenW,,,,,,,24327,73228,2025 - Gift Boxes,641,X-Mas gift for customers,X-Mas gift for customers,Sale,221207,UPS,1,CWL Brands,Shipped,9846,30,803,1,0,1,0,0,0,1
12-09-2025 18:33:20,2025 W50,December 2025,2025 Q4,2025,115,Retail,Honest Inc,1802 Enterprise Blvd,West Sacramento,California,95691,Honest Inc,Ben Wallner,11,Shipping,9845,Fulfilled,BenW,,,,,,,24326,73292,Shipping,25,Shipping,Shipping Tracking: 1Z90V7160320557896,Shipping,221191,UPS,1,CWL Brands,Shipped,9845,30,115,1,0,1,0,0,0,2
12-09-2025 18:33:20,2025 W50,December 2025,2025 Q4,2025,115,Retail,Honest Inc,1802 Enterprise Blvd,West Sacramento,California,95691,Honest Inc,Ben Wallner,216,2025 - Gift Boxes,9845,Fulfilled,BenW,,,,,,,24326,73226,2025 - Gift Boxes,25,X-Mas gift for customers,X-Mas gift for customers,Sale,221191,UPS,1,CWL Brands,Shipped,9845,30,115,1,0,1,0,0,0,1
12-09-2025 18:32:22,2025 W50,December 2025,2025 Q4,2025,491,Retail,Dragon Tobacco,244 Walnut St Suite A,Chico,California,95928,Dragon Tobacco,,11,Shipping,9844,Fulfilled,BenW,,,,,,,24325,73293,Shipping,334,Shipping,Shipping Tracking: 1Z90V7160325411506,Shipping,221184,UPS,1,CWL Brands,Shipped,9844,30,491,1,0,1,0,0,0,2
12-09-2025 18:32:22,2025 W50,December 2025,2025 Q4,2025,491,Retail,Dragon Tobacco,244 Walnut St Suite A,Chico,California,95928,Dragon Tobacco,,216,2025 - Gift Boxes,9844,Fulfilled,BenW,,,,,,,24325,73225,2025 - Gift Boxes,334,X-Mas gift for customers,X-Mas gift for customers,Sale,221184,UPS,1,CWL Brands,Shipped,9844,30,491,1,0,1,0,0,0,1
12-09-2025 18:31:03,2025 W50,December 2025,2025 Q4,2025,1040,Retail,Blueberry Trading,"2496 Port Street,West",West Sacramento,California,95691,Blueberry Trading,,11,Shipping,9843,Fulfilled,BenW,,,,,,,24324,73294,Shipping,876,Shipping,Shipping Tracking: 1Z90V7160316363568,Shipping,221177,UPS,1,CWL Brands,Shipped,9843,30,1040,1,0,1,0,0,0,2
12-09-2025 18:31:03,2025 W50,December 2025,2025 Q4,2025,1040,Retail,Blueberry Trading,"2496 Port Street,West",West Sacramento,California,95691,Blueberry Trading,,216,2025 - Gift Boxes,9843,Fulfilled,BenW,,,,,,,24324,73224,2025 - Gift Boxes,876,X-Mas gift for customers,X-Mas gift for customers,Sale,221177,UPS,1,CWL Brands,Shipped,9843,30,1040,1,0,1,0,0,0,1
12-09-2025 18:28:47,2025 W50,December 2025,2025 Q4,2025,517,Retail,Allegria Novelties,2690 Adrian St,Napa,California,94558,Allegria Novelties,,11,Shipping,9842,Fulfilled,BenW,,,,,,,24323,73295,Shipping,359,Shipping,Shipping Tracking: 1Z90V7160310852577,Shipping,221160,UPS,1,CWL Brands,Shipped,9842,30,517,1,0,1,0,0,0,2
12-09-2025 18:28:47,2025 W50,December 2025,2025 Q4,2025,517,Retail,Allegria Novelties,2690 Adrian St,Napa,California,94558,Allegria Novelties,,216,2025 - Gift Boxes,9842,Fulfilled,BenW,,,,,,,24323,73223,2025 - Gift Boxes,359,X-Mas gift for customers,X-Mas gift for customers,Sale,221160,UPS,1,CWL Brands,Shipped,9842,30,517,1,0,1,0,0,0,1
12-09-2025 18:27:48,2025 W50,December 2025,2025 Q4,2025,1559,Retail,Ace Wholesale Inc. | WA,2008 48th Ave. Ct. E,Fife,Washington,98424,Ace Wholesale Inc. | WA,,11,Shipping,9841,Fulfilled,BenW,,,,,,,24322,73296,Shipping,1344,Shipping,Shipping Tracking: 1Z90V7160315230784,Shipping,221153,UPS,1,CWL Brands,Shipped,9841,30,1559,1,0,1,0,0,0,2
12-09-2025 18:27:48,2025 W50,December 2025,2025 Q4,2025,1559,Retail,Ace Wholesale Inc. | WA,2008 48th Ave. Ct. E,Fife,Washington,98424,Ace Wholesale Inc. | WA,,216,2025 - Gift Boxes,9841,Fulfilled,BenW,,,,,,,24322,73222,2025 - Gift Boxes,1344,X-Mas gift for customers,X-Mas gift for customers,Sale,221153,UPS,1,CWL Brands,Shipped,9841,30,1559,1,0,1,0,0,0,1
12-09-2025 18:24:41,2025 W50,December 2025,2025 Q4,2025,1893,Retail,A One Sales LLC,10011 3rd Ave,Everett,Washington,98208,A One Sales LLC,Ben Wallner,11,Shipping,9840,Fulfilled,BenW,,,,,,,24321,73297,Shipping,1658,Shipping,Shipping Tracking: 1Z90V7160326308313,Shipping,221146,UPS,1,CWL Brands,Shipped,9840,30,1893,1,0,1,0,0,0,2
12-09-2025 18:24:41,2025 W50,December 2025,2025 Q4,2025,1893,Retail,A One Sales LLC,10011 3rd Ave,Everett,Washington,98208,A One Sales LLC,Ben Wallner,216,2025 - Gift Boxes,9840,Fulfilled,BenW,,,,,,,24321,73221,2025 - Gift Boxes,1658,X-Mas gift for customers,X-Mas gift for customers,Sale,221146,UPS,1,CWL Brands,Shipped,9840,30,1893,1,0,1,0,0,0,1
12-09-2025 16:03:59,2025 W50,December 2025,2025 Q4,2025,113,Retail,Aryana Wholesale,280 E Larch Rd STE 110,Tracy,California,95304,Aryana Wholesale,Ben Wallner,11,Shipping,9809,Fulfilled,BenW,,107718498,,,,,24262,73191,Shipping,23,Shipping,Shipping Tracking: 107718498,Shipping,220941,R+L,1,CWL Brands,Shipped,9809,30,113,1,0,1,0,0,0,3
12-09-2025 16:03:59,2025 W50,December 2025,2025 Q4,2025,113,Retail,Aryana Wholesale,280 E Larch Rd STE 110,Tracy,California,95304,Aryana Wholesale,Ben Wallner,11,Shipping,9809,Fulfilled,BenW,,107718498,,,,,24262,73007,Shipping,23,Shipping,Shipping,Shipping,220941,R+L,1,CWL Brands,Shipped,9809,30,113,1,0,1,342.72,342.72,0.05,2
12-09-2025 16:03:59,2025 W50,December 2025,2025 Q4,2025,113,Retail,Aryana Wholesale,280 E Larch Rd STE 110,Tracy,California,95304,Aryana Wholesale,Ben Wallner,206,KB-4000,9809,Fulfilled,BenW,,107718498,,,,,24262,73006,KB-4000,23,Focus MC12,Focus MC12,Sale,220941,R+L,1,CWL Brands,Shipped,9809,30,113,56,576,1,612,34272,12353.84,1
12-08-2025 20:05:33,2025 W50,December 2025,2025 Q4,2025,1970,Retail,Karen Lord Pilates,"3007 Washington Blvd
Suite 100",Marina Del Rey,California,90292,Karen Lord Pilates,Ben Wallner,85,Store Sample Kit,9810,Fulfilled,BenW,,,,,,,24267,73033,Store Sample Kit,1701,Store Sample Kit,Store Sample Kit,Kit,220415,UPS,1,CWL Brands,Shipped,9810,30,1970,1,0,1,0,0,13.31,1
12-08-2025 20:05:33,2025 W50,December 2025,2025 Q4,2025,1970,Retail,Karen Lord Pilates,"3007 Washington Blvd
Suite 100",Marina Del Rey,California,90292,Karen Lord Pilates,Ben Wallner,11,Shipping,9810,Fulfilled,BenW,,,,,,,24267,73105,Shipping,1701,Shipping,Shipping Tracking: 1Z90V7160310928316,Shipping,220415,UPS,1,CWL Brands,Shipped,9810,30,1970,1,0,1,0,0,0,6
12-08-2025 20:05:33,2025 W50,December 2025,2025 Q4,2025,1970,Retail,Karen Lord Pilates,"3007 Washington Blvd
Suite 100",Marina Del Rey,California,90292,Karen Lord Pilates,Ben Wallner,203,KB-2003,9810,Fulfilled,BenW,,,,,,,24267,73037,KB-2003,1701,Mango-Tango 15ml 120mg,Mango-Tango 15ml 120mg,Sale,220415,UPS,1,CWL Brands,Shipped,9810,30,1970,3,6,1,0,0,0,5
12-08-2025 20:05:33,2025 W50,December 2025,2025 Q4,2025,1970,Retail,Karen Lord Pilates,"3007 Washington Blvd
Suite 100",Marina Del Rey,California,90292,Karen Lord Pilates,Ben Wallner,195,KB-2002,9810,Fulfilled,BenW,,,,,,,24267,73036,KB-2002,1701,Zoom 60ml bottle,Zoom 60ml bottle,Sale,220415,UPS,1,CWL Brands,Shipped,9810,30,1970,3,3.5,1,0,0,0,4
12-08-2025 20:05:33,2025 W50,December 2025,2025 Q4,2025,1970,Retail,Karen Lord Pilates,"3007 Washington Blvd
Suite 100",Marina Del Rey,California,90292,Karen Lord Pilates,Ben Wallner,191,KB-2001,9810,Fulfilled,BenW,,,,,,,24267,73035,KB-2001,1701,Release + Relax 60ml,Release + Relax 60ml,Sale,220415,UPS,1,CWL Brands,Shipped,9810,30,1970,3,4.5,1,0,0,0,3
12-08-2025 20:05:33,2025 W50,December 2025,2025 Q4,2025,1970,Retail,Karen Lord Pilates,"3007 Washington Blvd
Suite 100",Marina Del Rey,California,90292,Karen Lord Pilates,Ben Wallner,186,KB-2000,9810,Fulfilled,BenW,,,,,,,24267,73034,KB-2000,1701,FG-Focus and Flow 2oz,FG-Focus and Flow 2oz,Sale,220415,UPS,1,CWL Brands,Shipped,9810,30,1970,3,4.5,1,0,0,0,2
12-08-2025 16:57:41,2025 W50,December 2025,2025 Q4,2025,1969,Retail,The Vitamin Shoppe,"300 Harmon Blvd
Attn: Sara T.",Sacaucus,New Jersey,7094,The Vitamin Shoppe,Ben Wallner,85,Store Sample Kit,9783,Fulfilled,BenW,,,,,,,24228,72923,Store Sample Kit,1700,Store Sample Kit,Store Sample Kit,Kit,220033,UPS,1,CWL Brands,Shipped,9783,30,1969,1,0,1,0,0,13.31,1
12-08-2025 16:57:41,2025 W50,December 2025,2025 Q4,2025,1969,Retail,The Vitamin Shoppe,"300 Harmon Blvd
Attn: Sara T.",Sacaucus,New Jersey,7094,The Vitamin Shoppe,Ben Wallner,11,Shipping,9783,Fulfilled,BenW,,,,,,,24228,72958,Shipping,1700,Shipping,Shipping Tracking: 1Z90V7160323763774,Shipping,220033,UPS,1,CWL Brands,Shipped,9783,30,1969,1,0,1,0,0,0,6
12-08-2025 16:57:41,2025 W50,December 2025,2025 Q4,2025,1969,Retail,The Vitamin Shoppe,"300 Harmon Blvd
Attn: Sara T.",Sacaucus,New Jersey,7094,The Vitamin Shoppe,Ben Wallner,203,KB-2003,9783,Fulfilled,BenW,,,,,,,24228,72927,KB-2003,1700,Mango-Tango 15ml 120mg,Mango-Tango 15ml 120mg,Sale,220033,UPS,1,CWL Brands,Shipped,9783,30,1969,3,6,1,0,0,0,5
12-08-2025 16:57:41,2025 W50,December 2025,2025 Q4,2025,1969,Retail,The Vitamin Shoppe,"300 Harmon Blvd
Attn: Sara T.",Sacaucus,New Jersey,7094,The Vitamin Shoppe,Ben Wallner,195,KB-2002,9783,Fulfilled,BenW,,,,,,,24228,72926,KB-2002,1700,Zoom 60ml bottle,Zoom 60ml bottle,Sale,220033,UPS,1,CWL Brands,Shipped,9783,30,1969,3,3.5,1,0,0,0,4
12-08-2025 16:57:41,2025 W50,December 2025,2025 Q4,2025,1969,Retail,The Vitamin Shoppe,"300 Harmon Blvd
Attn: Sara T.",Sacaucus,New Jersey,7094,The Vitamin Shoppe,Ben Wallner,191,KB-2001,9783,Fulfilled,BenW,,,,,,,24228,72925,KB-2001,1700,Release + Relax 60ml,Release + Relax 60ml,Sale,220033,UPS,1,CWL Brands,Shipped,9783,30,1969,3,4.5,1,0,0,0,3
12-08-2025 16:57:41,2025 W50,December 2025,2025 Q4,2025,1969,Retail,The Vitamin Shoppe,"300 Harmon Blvd
Attn: Sara T.",Sacaucus,New Jersey,7094,The Vitamin Shoppe,Ben Wallner,186,KB-2000,9783,Fulfilled,BenW,,,,,,,24228,72924,KB-2000,1700,FG-Focus and Flow 2oz,FG-Focus and Flow 2oz,Sale,220033,UPS,1,CWL Brands,Shipped,9783,30,1969,3,4.5,1,0,0,0,2
12-05-2025 21:18:59,2025 W49,December 2025,2025 Q4,2025,1884,Retail,Oregon Distro,10475 SE Division St,Portland,Oregon,97266,Oregon Distro,Ben Wallner,11,Shipping,9720,Fulfilled,BenW,,107718453,,,,,24095,72893,Shipping,1651,Shipping,Shipping Tracking: 107718453,Shipping,219556,R+L,1,CWL Brands,Shipped,9720,30,1884,1,0,1,0,0,0,6
12-05-2025 21:18:59,2025 W49,December 2025,2025 Q4,2025,1884,Retail,Oregon Distro,10475 SE Division St,Portland,Oregon,97266,Oregon Distro,Ben Wallner,11,Shipping,9720,Fulfilled,BenW,,107718453,,,,,24095,72549,Shipping,1651,Shipping,Shipping,Shipping,219556,R+L,1,CWL Brands,Shipped,9720,30,1884,1,0,1,0,0,0.05,2
12-05-2025 21:18:59,2025 W49,December 2025,2025 Q4,2025,1884,Retail,Oregon Distro,10475 SE Division St,Portland,Oregon,97266,Oregon Distro,Ben Wallner,206,KB-4000,9720,Fulfilled,BenW,,107718453,,,,,24095,72548,KB-4000,1651,Focus MC12,Focus MC12,Sale,219556,R+L,1,CWL Brands,Shipped,9720,30,1884,55,576,1,612,33660,12251.98,1
12-05-2025 21:18:59,2025 W49,December 2025,2025 Q4,2025,1884,Retail,Oregon Distro,10475 SE Division St,Portland,Oregon,97266,Oregon Distro,Ben Wallner,204,KB-3003,9720,Fulfilled,BenW,,107718453,,,,,24095,72550,KB-3003,1651,Mango-Tango 12pk,Mango-Tango 12pk,Sale,219556,R+L,1,CWL Brands,Shipped,9720,30,1884,4,72,1,0,0,0,3
12-05-2025 21:18:59,2025 W49,December 2025,2025 Q4,2025,1884,Retail,Oregon Distro,10475 SE Division St,Portland,Oregon,97266,Oregon Distro,Ben Wallner,196,KB-3002,9720,Fulfilled,BenW,,107718453,,,,,24095,72560,KB-3002,1651,Zoom 12PK,Zoom 12PK,Sale,219556,R+L,1,CWL Brands,Shipped,9720,30,1884,4,42,1,0,0,0,5
12-05-2025 21:18:59,2025 W49,December 2025,2025 Q4,2025,1884,Retail,Oregon Distro,10475 SE Division St,Portland,Oregon,97266,Oregon Distro,Ben Wallner,193,KB-3001,9720,Fulfilled,BenW,,107718453,,,,,24095,72551,KB-3001,1651,Release + Relax 12pk,Release + Relax 12pk,Sale,219556,R+L,1,CWL Brands,Shipped,9720,30,1884,4,60,1,0,0,0,4
01-01-2012,2025 W49,December 2025,2025 Q4,2025,1076,Retail,woodland distributors,1233 e beamer st Suite E1,woodland,California,95776,woodland distributors,Ben Wallner,11,Shipping,9715,Fulfilled,BenW,,1077718435,,,,,24068,72656,Shipping,912,Shipping,Shipping Tracking: 107718435,Shipping,219174,R+L,1,CWL Brands,Shipped,9715,30,1076,1,0,1,0,0,0,3
01-01-2012,2025 W49,December 2025,2025 Q4,2025,1076,Retail,woodland distributors,1233 e beamer st Suite E1,woodland,California,95776,woodland distributors,Ben Wallner,11,Shipping,9715,Fulfilled,BenW,,1077718435,,,,,24068,72466,Shipping,912,Shipping,Shipping,Shipping,219174,R+L,1,CWL Brands,Shipped,9715,30,1076,1,0,1,160,160,0.05,2
01-01-2012,2025 W49,December 2025,2025 Q4,2025,1076,Retail,woodland distributors,1233 e beamer st Suite E1,woodland,California,95776,woodland distributors,Ben Wallner,206,KB-4000,9715,Fulfilled,BenW,,1077718435,,,,,24068,72465,KB-4000,912,Focus MC12,Focus MC12,Sale,219174,R+L,1,CWL Brands,Shipped,9715,30,1076,26,576,1,612,15912,5841.92,1
12-04-2025 16:38:35,2025 W49,December 2025,2025 Q4,2025,881,Retail,Paradox Wilsonville,"ATTN: WIll, 8229 C SW Wilsonville Rd",Wilsonville,Oregon,97070,Paradox Wilsonville,Ben Wallner,11,Shipping,9717,Fulfilled,BenW,,,,,,,24088,72573,Shipping,719,Shipping,Shipping Tracking: 1Z90V7160316220891,Shipping,218900,UPS,1,CWL Brands,Shipped,9717,30,881,1,0,1,0,0,0,3
12-04-2025 16:38:35,2025 W49,December 2025,2025 Q4,2025,881,Retail,Paradox Wilsonville,"ATTN: WIll, 8229 C SW Wilsonville Rd",Wilsonville,Oregon,97070,Paradox Wilsonville,Ben Wallner,11,Shipping,9717,Fulfilled,BenW,,,,,,,24088,72519,Shipping,719,Shipping,Shipping,Shipping,218900,UPS,1,CWL Brands,Shipped,9717,30,881,1,0,1,0,0,0.05,2
12-04-2025 16:38:35,2025 W49,December 2025,2025 Q4,2025,881,Retail,Paradox Wilsonville,"ATTN: WIll, 8229 C SW Wilsonville Rd",Wilsonville,Oregon,97070,Paradox Wilsonville,Ben Wallner,206,KB-4000,9717,Fulfilled,BenW,,,,,,,24088,72518,KB-4000,719,Focus MC12,Focus MC12,Sale,218900,UPS,1,CWL Brands,Shipped,9717,30,881,2,576,1,720,1440,449.38,1
12-01-2025 18:10:17,2025 W49,December 2025,2025 Q4,2025,1076,Retail,woodland distributors,1233 e beamer st Suite E1,woodland,California,95776,woodland distributors,Ben Wallner,11,Shipping,9688,Fulfilled,BenW,,107718165,,,,,23968,72157,Shipping,912,Shipping,Shipping Tracking: 1Z90V7160328716299,Shipping,217668,R+L,1,CWL Brands,Shipped,9688,30,1076,1,0,1,0,0,0,3
12-01-2025 18:10:17,2025 W49,December 2025,2025 Q4,2025,1076,Retail,woodland distributors,1233 e beamer st Suite E1,woodland,California,95776,woodland distributors,Ben Wallner,11,Shipping,9688,Fulfilled,BenW,,107718165,,,,,23968,72099,Shipping,912,Shipping,Shipping,Shipping,217668,R+L,1,CWL Brands,Shipped,9688,30,1076,1,0,1,120,120,0.05,2
12-01-2025 18:10:17,2025 W49,December 2025,2025 Q4,2025,1076,Retail,woodland distributors,1233 e beamer st Suite E1,woodland,California,95776,woodland distributors,Ben Wallner,206,KB-4000,9688,Fulfilled,BenW,,107718165,,,,,23968,72098,KB-4000,912,Focus MC12,Focus MC12,Sale,217668,R+L,1,CWL Brands,Shipped,9688,30,1076,10,576,1,612,6120,2091.02,1
